#CHROM	POS	ID	REF	ALT	A1	TEST	OBS_CT	BETA	SE	L95	U95	T_STAT	LOG10_P	ERRCODE
1	5490101	rs12752025	C	T	C	ADD	485772	-0.0228687	0.0151647	-0.052591	0.00685356	-1.50802	0.880911	.
1	110259362	rs3768487	A	G	A	ADD	485429	-0.0200376	0.0136739	-0.0468379	0.0067627	-1.46539	0.845229	.
1	165905436	rs12727124	G	A	G	ADD	485896	-0.0145426	0.0180319	-0.0498844	0.0207992	-0.806497	0.376795	.
1	201781685	Affx-92042357	T	A	T	ADD	436168	0.000789893	1.06544	-2.08743	2.08901	0.000741377	0.000256976	.
10	19665154	rs73593892	A	G	A	ADD	485393	0.0576487	0.040729	-0.0221786	0.137476	1.41542	0.804252	.
10	31031212	rs76816508	T	C	T	ADD	486325	-0.0427313	0.0330188	-0.107447	0.0219843	-1.29415	0.708601	.
10	125185204	rs76623655	A	C	A	ADD	49929	-0.387561	1.53722	-3.40046	2.62534	-0.252118	0.0963941	.
11	6917779	rs2741839	G	A	G	ADD	485509	0.0214879	0.0128486	-0.00369493	0.0466708	1.67239	1.02481	.
11	34690073	rs61881017	C	T	C	ADD	485968	-0.0784272	0.0484195	-0.173328	0.0164732	-1.61975	0.977623	.
11	48149478	rs140746006	A	G	A	ADD	480518	-0.273213	0.193729	-0.652915	0.106488	-1.41029	0.800093	.
11	73471745	Affx-80242934	A	C	A	ADD	486661	-0.79113	1.06641	-2.88125	1.29899	-0.741865	0.338974	.
11	115213374	rs11215504	T	C	T	ADD	486607	0.0973758	0.0305804	0.0374393	0.157312	3.18425	2.83822	.
11	118365118	Affx-80243747	G	A	G	ADD	486244	-1.07676	0.735402	-2.51812	0.3646	-1.46418	0.844223	.
12	30864505	rs150085536	A	G	A	ADD	486795	-0.454691	0.736022	-1.89727	0.987885	-0.617768	0.270245	.
12	54091814	rs73104008	T	C	T	ADD	486445	-0.0504643	0.0352146	-0.119484	0.018555	-1.43305	0.818603	.
12	58953662	rs17519222	A	G	A	ADD	482353	-0.00786386	0.0285808	-0.0638812	0.0481535	-0.275145	0.106124	.
12	106367456	rs2248692	G	A	A	ADD	406312	0.00645153	0.0151173	-0.0231778	0.0360809	0.426765	0.174216	.
12	124363816	Affx-92042801	G	A	G	ADD	435826	1.70952	0.646742	0.441932	2.97711	2.64328	2.08561	.
13	66103890	rs9571419	A	C	A	ADD	484545	-0.00137016	0.019342	-0.0392798	0.0365394	-0.0708386	0.025246	.
13	78474786	rs200363611	A	G	A	ADD	486516	0.66241	1.44734	-2.17433	3.49915	0.457673	0.18897	.
13	99035411	rs74108874	T	C	T	ADD	485676	0.00352504	0.0651972	-0.124259	0.131309	0.0540674	0.0191418	.
14	74050321	rs56778280	G	T	G	ADD	486191	0.758504	1.09824	-1.39401	2.91102	0.690651	0.309995	.
14	77765027	Affx-80249724	T	C	T	ADD	486510	-1.26711	0.940542	-3.11054	0.576316	-1.34722	0.749796	.
14	100645881	rs10220397	A	G	G	ADD	469319	-0.03026	0.0155168	-0.0606724	0.000152337	-1.95015	1.29108	.
14	105729792	rs3000073	A	G	A	ADD	484545	0.0135642	0.0140305	-0.013935	0.0410635	0.966768	0.476695	.
15	57744080	rs2271406	C	A	C	ADD	482523	-0.0272786	0.0192676	-0.0650425	0.0104852	-1.41577	0.804537	.
16	9817002	rs78992608	C	T	C	ADD	483980	0.0761773	0.0434096	-0.00890406	0.161259	1.75485	1.1008	.
16	15624663	rs80007751	T	C	T	ADD	480909	0.0277162	0.0210052	-0.0134533	0.0688858	1.31949	0.728146	.
16	19566995	Affx-89026572	G	GTAAGGAT	G	ADD	486592	-2.12179	1.28823	-4.64668	0.403105	-1.64705	1.00197	.
16	75088102	Affx-92047296	C	T	C	ADD	436618	-0.70736	1.02515	-2.71662	1.3019	-0.690007	0.309635	.
16	82795099	rs76737866	G	T	G	ADD	435748	0.0394694	0.0338357	-0.0268473	0.105786	1.1665	0.613657	.
17	14911293	rs7218561	A	G	A	ADD	486456	-0.0311131	0.0181433	-0.0666734	0.00444717	-1.71485	1.06362	.
17	18284262	rs570145	A	G	G	ADD	485055	0.0988646	0.0131634	0.0730649	0.124664	7.51059	13.2294	.
17	33108398	rs76322678	T	G	T	ADD	485994	0.214274	0.0751123	0.0670566	0.361492	2.85272	2.36302	.
17	39186076	Affx-89006390	T	TG	T	ADD	49917	-3.93247	2.00291	-7.85811	-0.00682755	-1.96337	1.30444	.
17	71397190	rs201256089	A	G	A	ADD	486728	-0.280438	0.785568	-1.82012	1.25925	-0.356988	0.142004	.
18	6398451	rs79422952	A	C	A	ADD	486056	-0.00481674	0.0473313	-0.0975844	0.0879509	-0.101767	0.0367119	.
18	70568619	rs17797002	C	T	C	ADD	482197	0.0180214	0.0148501	-0.0110843	0.0471271	1.21355	0.647973	.
19	6977211	rs4807919	G	A	A	ADD	485854	0.0243626	0.0134048	-0.00191026	0.0506355	1.81746	1.16022	.
19	9639655	Affx-80259987	A	G	A	ADD	486603	-1.09481	0.850696	-2.76214	0.572522	-1.28696	0.703096	.
19	15756618	Affx-15598013	G	C	G	ADD	486297	0.770342	0.794862	-0.787559	2.32824	0.969152	0.478248	.
19	47228611	Affx-92043226	C	T	C	ADD	436293	2.07143	0.939701	0.229649	3.91321	2.20435	1.56066	.
2	22672732	rs114846158	A	G	A	ADD	476867	-0.0508857	0.0507892	-0.150431	0.0486593	-1.0019	0.499774	.
2	73199619	rs11898850	A	C	A	ADD	484605	0.0114043	0.0129202	-0.0139189	0.0367275	0.88267	0.423181	.
2	150005013	rs421468	T	C	T	ADD	485462	-0.0152022	0.0245241	-0.0632686	0.0328642	-0.619888	0.271377	.
2	161835648	rs114199078	T	C	T	ADD	486096	-0.0241463	0.0519774	-0.12602	0.0777276	-0.464553	0.192295	.
2	193475428	rs78866122	C	T	C	ADD	485374	0.0121702	0.0307584	-0.0481151	0.0724555	0.395671	0.159676	.
2	239089965	rs72989092	C	T	C	ADD	478498	-0.0280768	0.0441564	-0.114622	0.0584682	-0.635849	0.279944	.
20	22900228	rs77314901	G	A	G	ADD	484347	0.0301944	0.0418353	-0.0518014	0.11219	0.721743	0.327484	.
21	43988553	rs200930080	A	G	A	ADD	481502	0.407195	0.973491	-1.50081	2.3152	0.418284	0.17022	.
22	24581264	Affx-80265232	A	G	A	ADD	486628	0.710662	0.866624	-0.98789	2.40921	0.820034	0.384895	.
22	42416052	Affx-52363668	G	GGA	G	ADD	486725	0.044489	0.503566	-0.942482	1.03146	0.0883479	0.0317038	.
22	49876931	rs4605480	C	T	C	ADD	435490	0.00965941	0.014212	-0.0181956	0.0375144	0.679667	0.303892	.
3	7226908	rs74404080	G	A	G	ADD	486108	-0.0108049	0.0390251	-0.0872927	0.0656829	-0.27687	0.10686	.
3	36097206	rs17232513	C	T	C	ADD	485315	0.00197759	0.0221117	-0.0413606	0.0453158	0.0894363	0.0321081	.
3	46399093	Affx-92039652	A	T	A	ADD	436459	1.57191	1.03636	-0.459309	3.60314	1.51677	0.888314	.
3	120352104	Affx-80222339	G	C	G	ADD	486527	-0.4848	0.850652	-2.15205	1.18245	-0.569915	0.24509	.
3	158203794	rs9835244	C	A	C	ADD	485307	-0.0900325	0.0128474	-0.115213	-0.064852	-7.00782	11.6155	.
4	29389468	rs116509023	A	G	A	ADD	476117	0.0378673	0.0390928	-0.0387531	0.114488	0.968652	0.477922	.
4	39431290	rs115257404	A	G	A	ADD	476904	-0.0214179	0.0604965	-0.139989	0.0971532	-0.354035	0.140674	.
4	88274740	rs11734330	G	T	G	ADD	484737	-0.0663291	0.017053	-0.0997524	-0.0329057	-3.88957	3.99812	.
4	88732874	rs17013182	G	A	G	ADD	473962	0.0382756	0.0411793	-0.0424343	0.118986	0.929488	0.452672	.
4	95684081	rs28463294	G	T	G	ADD	486100	0.119601	0.060029	0.00194652	0.237256	1.99239	1.33415	.
5	9366873	rs62342039	A	G	A	ADD	486172	0.00887706	0.0296485	-0.0492329	0.066987	0.29941	0.11655	.
5	129552816	rs6861345	G	A	G	ADD	484344	-0.00537857	0.0146813	-0.0341534	0.0233962	-0.366355	0.146241	.
5	140772725	Affx-80274195	A	ACT	A	ADD	486603	-0.929501	1.17157	-3.22573	1.36673	-0.793382	0.369007	.
5	172853099	rs72820052	C	T	C	ADD	484718	0.0471269	0.0140376	0.0196137	0.07464	3.35719	3.10378	.
5	175974383	rs78690792	A	C	A	ADD	485506	-0.0162759	0.0157212	-0.0470888	0.014537	-1.03529	0.522106	.
6	7583088	Affx-92039201	T	A	T	ADD	436430	0.986804	0.685733	-0.357207	2.33082	1.43905	0.823513	.
6	10490717	rs12212886	T	C	T	ADD	486074	-0.0237508	0.0335113	-0.0894317	0.0419301	-0.708739	0.32013	.
6	32683382	rs3873453	T	C	T	ADD	382909	0.861919	1.19011	-1.47064	3.19448	0.724238	0.328901	.
6	39873371	Affx-52368820	CTGAT	C	CTGAT	ADD	486244	1.24561	0.684356	-0.0956995	2.58693	1.82013	1.16279	.
6	62679262	rs75332620	G	C	G	ADD	485135	0.0145934	0.0321388	-0.0483975	0.0775844	0.454074	0.187237	.
6	95090000	rs384105	A	G	A	ADD	485598	0.0109322	0.0129334	-0.0144168	0.0362811	0.84527	0.40016	.
6	143823541	Affx-80294069	CT	C	CT	ADD	485099	-0.620234	0.50686	-1.61366	0.373194	-1.22368	0.655462	.
7	5103696	Affx-80275820	A	AC	A	ADD	486190	-0.172883	0.940557	-2.01634	1.67058	-0.183809	0.0684591	.
7	10476795	rs74622850	G	A	G	ADD	485274	-0.0423234	0.0301094	-0.101337	0.0166899	-1.40566	0.79635	.
7	23802003	rs10278268	G	A	A	ADD	485498	-0.0639258	0.0143306	-0.0920134	-0.0358383	-4.46078	5.08788	.
7	45755882	rs73102679	G	A	G	ADD	482454	-0.0473964	0.0370824	-0.120077	0.0252836	-1.27814	0.69637	.
7	102111980	rs12534337	T	C	T	ADD	486528	0.111137	0.0288547	0.0545827	0.167691	3.8516	3.93047	.
8	6896302	rs78577081	A	G	A	ADD	486026	0.000385702	0.0234362	-0.0455483	0.0463197	0.0164576	0.00574034	.
8	18621009	rs79673068	T	C	T	ADD	466944	-0.0527269	0.026766	-0.105187	-0.000266486	-1.96992	1.31115	.
8	19946066	rs4401880	T	C	C	ADD	485503	0.0170888	0.0187836	-0.0197263	0.0539039	0.909775	0.440163	.
8	38713874	rs192475851	G	A	G	ADD	486278	-0.109103	0.0743317	-0.25479	0.0365848	-1.46778	0.847209	.
8	57358423	Affx-80234908	T	G	T	ADD	486535	1.68767	0.743675	0.23009	3.14524	2.26936	1.63364	.
8	67127374	rs16932662	G	A	G	ADD	485853	0.0239038	0.0585466	-0.0908454	0.138653	0.408287	0.165539	.
8	73404276	rs75216611	A	G	A	ADD	486623	0.0012748	0.0415015	-0.0800666	0.0826162	0.0307171	0.0107749	.
8	129379187	rs78741526	C	T	C	ADD	486216	-0.00242139	0.0428951	-0.0864943	0.0816515	-0.056449	0.0200038	.
8	133192835	rs72717400	G	A	G	ADD	480064	0.0288835	0.0433622	-0.0561048	0.113872	0.666099	0.296409	.
9	2928555	rs117315282	A	G	A	ADD	486594	0.0046823	0.0431239	-0.0798391	0.0892037	0.108578	0.0392737	.
9	72420921	rs10868093	T	C	T	ADD	485446	0.00586162	0.0170721	-0.027599	0.0393222	0.343346	0.135882	.
9	99521364	rs140977740	T	C	T	ADD	486674	-0.905863	0.770791	-2.41658	0.604859	-1.17524	0.61997	.
9	111128714	rs73509967	C	T	C	ADD	486538	0.0397643	0.0640577	-0.0857865	0.165315	0.620757	0.271841	.
9	137517022	rs4076173	A	G	A	ADD	485499	-0.00512056	0.0137147	-0.0320008	0.0217597	-0.373363	0.149428	.
