chr	rsid	pos	a1	tau1	tau2	tau3	tau4	tau5	tau1_beta_intercept	tau1_beta_snp	tau1_se_intercept	tau1_se_snp	tau1_tval_intercept	tau1_tval_snp	tau1_Pr...t.._intercept	tau1_Pr...t.._snp	tau2_beta_intercept	tau2_beta_snp	tau2_se_intercept	tau2_se_snp	tau2_tval_intercept	tau2_tval_snp	tau2_Pr...t.._intercept	tau2_Pr...t.._snp	tau3_beta_intercept	tau3_beta_snp	tau3_se_intercept	tau3_se_snp	tau3_tval_intercept	tau3_tval_snp	tau3_Pr...t.._intercept	tau3_Pr...t.._snp	tau4_beta_intercept	tau4_beta_snp	tau4_se_intercept	tau4_se_snp	tau4_tval_intercept	tau4_tval_snp	tau4_Pr...t.._intercept	tau4_Pr...t.._snp	tau5_beta_intercept	tau5_beta_snp	tau5_se_intercept	tau5_se_snp	tau5_tval_intercept	tau5_tval_snp	tau5_Pr...t.._intercept	tau5_Pr...t.._snp
1	rs12752025	5490101	C	0.1	0.25	0.5	0.75	0.9	175.672	0.0289013	0.112771	0.0260499	1557.77	1.10946	0	0.267233	179.895	-0.00137741	0.0875224	0.0201303	2055.42	-0.0684247	0	0.945448	184.536	-0.0325824	0.0822155	0.0189837	2244.54	-1.71634	0	0.0861006	189.423	-0.0314231	0.0920977	0.0209292	2056.76	-1.5014	0	0.133253	193.963	-0.052276	0.116583	0.0257893	1663.74	-2.02705	0	0.0426583
1	rs3768487	110259362	A	0.1	0.25	0.5	0.75	0.9	175.688	-0.0212989	0.112626	0.0229535	1559.92	-0.927913	0	0.353453	179.911	-0.0285703	0.0878368	0.0179781	2048.24	-1.58917	0	0.112022	184.534	-0.02748	0.0824892	0.017043	2237.07	-1.61239	0	0.106878	189.412	-0.011568	0.0926953	0.0188459	2043.39	-0.613822	0	0.539334	193.935	-0.01103	0.117083	0.0237912	1656.39	-0.463615	0	0.642924
1	rs12727124	165905436	G	0.1	0.25	0.5	0.75	0.9	175.686	-0.0479379	0.110824	0.0304586	1585.26	-1.57387	0	0.115517	179.913	-0.0329737	0.086857	0.0237114	2071.36	-1.39063	0	0.164339	184.509	0.0165335	0.0819141	0.022749	2252.47	0.726779	0	0.467362	189.414	0.00400144	0.0922272	0.0249256	2053.78	0.160535	0	0.87246	193.937	0.0195874	0.1168	0.030249	1660.42	0.64754	0	0.517283
1	Affx-92042357	201781685	T	0.1	0.25	0.5	0.75	0.9	175.909	1.16547	0.114968	0.612956	1530.07	1.9014	0	0.0572505	180.087	-0.0747193	0.0920098	5.87288	1957.26	-0.0127228	0	0.989849	184.654	0.922922	0.0853816	0.0325378	2162.7	28.3647	0	0	189.551	-0.987267	0.0968203	0.560708	1957.76	-1.76075	0	0.078281	194.06	-2.97899	0.123789	0.0933624	1567.67	-31.9078	0	0
10	rs76816508	31031212	T	0.1	0.25	0.5	0.75	0.9	175.683	-0.051452	0.111343	0.0569313	1577.86	-0.903757	0	0.366125	179.894	-0.0350699	0.0863735	0.0435344	2082.74	-0.805568	0	0.420493	184.521	-0.0704312	0.0820417	0.0416596	2249.11	-1.69064	0	0.0909069	189.407	-0.0457883	0.0920264	0.0488543	2058.18	-0.937241	0	0.348635	193.943	-0.0260672	0.116685	0.0563479	1662.11	-0.462612	0	0.643642
10	rs76623655	125185204	A	0.1	0.25	0.5	0.75	0.9	173.845	-3.28035	0.36575	0.486151	475.312	-6.74761	0	1.51938e-11	178.013	0.225608	0.324862	3.43554	547.964	0.0656687	0	0.947642	183.222	1.35118	0.294301	0.124454	622.566	10.8569	0	0	188.237	-0.44117	0.330673	1.13432	569.253	-0.388929	0	0.69733	192.611	-2.21497	0.424652	0.201808	453.574	-10.9757	0	0
10	rs73593892	19665154	A	0.1	0.25	0.5	0.75	0.9	175.685	0.00882759	0.111661	0.0604657	1573.38	0.145993	0	0.883927	179.894	0.0102883	0.0866698	0.0553991	2075.63	0.185712	0	0.852671	184.506	0.0563909	0.0821607	0.0484578	2245.67	1.16371	0	0.244541	189.389	0.10158	0.092333	0.0603737	2051.16	1.68252	0	0.092469	193.937	0.0366829	0.116703	0.068551	1661.8	0.535118	0	0.592568
11	rs61881017	34690073	C	0.1	0.25	0.5	0.75	0.9	175.686	-0.165842	0.111102	0.0898071	1581.31	-1.84665	0	0.0647984	179.899	-0.0546082	0.0864548	0.0635148	2080.85	-0.859772	0	0.389915	184.512	-0.0593478	0.0820181	0.0617853	2249.65	-0.960548	0	0.33678	189.409	-0.0175279	0.0918543	0.072155	2062.06	-0.242921	0	0.808067	193.94	-0.114322	0.116982	0.0862501	1657.87	-1.32547	0	0.185017
11	rs140746006	48149478	A	0.1	0.25	0.5	0.75	0.9	175.688	-0.184031	0.11225	0.402098	1565.16	-0.457677	0	0.647184	179.897	-0.526614	0.0868277	0.0587181	2071.88	-8.96852	0	0	184.508	-0.591027	0.0825759	0.239089	2234.41	-2.47199	0	0.0134366	189.405	-0.109419	0.0927272	0.323479	2042.6	-0.338257	0	0.73517	193.929	0.240589	0.116617	0.125551	1662.96	1.91627	0	0.0553319
11	Affx-80242934	73471745	A	0.1	0.25	0.5	0.75	0.9	175.687	-3.31779	0.111247	0.0806217	1579.25	-41.1526	0	0	179.897	-1.14668	0.0866159	0.61365	2076.95	-1.86863	0	0.0616749	184.513	-0.842639	0.0817697	0.0580267	2256.5	-14.5216	0	0	189.412	0.186918	0.0917619	0.0858961	2064.17	2.17609	0	0.0295488	193.945	0.826603	0.116363	0.0776865	1666.72	10.6402	0	0
11	rs11215504	115213374	T	0.1	0.25	0.5	0.75	0.9	175.673	0.0737151	0.11223	0.0508879	1565.29	1.44858	0	0.147456	179.884	0.101183	0.0872934	0.0431843	2060.68	2.34305	0	0.019127	184.505	0.106122	0.0815504	0.035513	2262.46	2.98826	0	0.00280584	189.408	0.0688118	0.0920367	0.0413203	2057.96	1.66533	0	0.0958484	193.927	0.0823522	0.116656	0.0567375	1662.39	1.45146	0	0.146653
11	Affx-80243747	118365118	G	0.1	0.25	0.5	0.75	0.9	175.683	-0.972785	0.110681	0.106496	1587.28	-9.13448	0	0	179.896	-1.73797	0.0864441	0.101313	2081.07	-17.1544	0	0	184.514	-1.29526	0.0820089	0.849081	2249.92	-1.52549	0	0.127138	189.412	-0.975805	0.0917899	0.989769	2063.54	-0.985892	0	0.324187	193.945	1.22107	0.116456	0.133722	1665.4	9.13137	0	0
11	rs2741839	6917779	G	0.1	0.25	0.5	0.75	0.9	175.662	0.0200705	0.112709	0.0215645	1558.54	0.930717	0	0.352	179.881	0.00609728	0.0880522	0.0168688	2042.89	0.361453	0	0.717761	184.489	0.0253966	0.0833668	0.0160341	2212.98	1.58391	0	0.113215	189.385	0.0294902	0.0935138	0.0177198	2025.21	1.66425	0	0.0960636	193.905	0.0409946	0.117789	0.0221398	1646.21	1.85163	0	0.06408
12	rs150085536	30864505	A	0.1	0.25	0.5	0.75	0.9	175.685	-2.13636	0.111275	0.207971	1578.84	-10.2724	0	0	179.897	-0.345952	0.0865912	1.10956	2077.54	-0.311791	0	0.7552	184.512	-0.17229	0.0819777	0.901761	2250.76	-0.191059	0	0.848479	189.412	1.16028	0.0918054	1.26178	2063.19	0.919558	0	0.357804	193.943	-0.566865	0.116374	0.175209	1666.54	-3.23537	0	0.00121493
12	rs73104008	54091814	T	0.1	0.25	0.5	0.75	0.9	175.697	-0.150762	0.111161	0.0579756	1580.57	-2.60044	0	0.00931073	179.904	-0.07577	0.0864328	0.052246	2081.43	-1.45025	0	0.146988	184.521	-0.0357604	0.0819711	0.0454923	2251.05	-0.786076	0	0.431823	189.411	0.00588837	0.091921	0.0481049	2060.59	0.122407	0	0.902577	193.943	-0.00671403	0.116875	0.0643876	1659.4	-0.104275	0	0.916951
12	rs17519222	58953662	A	0.1	0.25	0.5	0.75	0.9	175.691	0.0131383	0.111125	0.0466794	1581.02	0.281458	0	0.778359	179.901	0.0202363	0.0870412	0.0366115	2066.85	0.552731	0	0.580448	184.51	0.0511545	0.0821502	0.0348942	2246.01	1.46599	0	0.142652	189.408	-0.0232279	0.0924061	0.0374752	2049.73	-0.619821	0	0.535376	193.932	-0.0253548	0.116824	0.0486197	1660.04	-0.521493	0	0.602024
12	rs2248692	106367456	A	0.1	0.25	0.5	0.75	0.9	175.944	-0.0153692	0.120814	0.0250469	1456.32	-0.613616	0	0.53947	180.104	-0.00760438	0.0961884	0.0201233	1872.41	-0.377889	0	0.705513	184.686	0.00967303	0.0886243	0.0184827	2083.92	0.523357	0	0.600726	189.537	0.00584383	0.101161	0.0207957	1873.61	0.281012	0	0.778701	194.074	-0.0179332	0.128857	0.026224	1506.12	-0.683848	0	0.494072
12	Affx-92042801	124363816	G	0.1	0.25	0.5	0.75	0.9	175.912	2.02354	0.113796	0.0270432	1545.86	74.8264	0	0	180.089	0.867249	0.0919367	0.48246	1958.84	1.79755	0	0.0722484	184.653	0.567508	0.0856697	0.779261	2155.41	0.728265	0	0.466452	189.552	2.92522	0.0968378	2.06042	1957.42	1.41972	0	0.15569	194.064	3.29173	0.123777	0.0285045	1567.85	115.481	0	0
13	rs9571419	66103890	A	0.1	0.25	0.5	0.75	0.9	175.687	-0.0307821	0.111676	0.0321147	1573.18	-0.958506	0	0.337808	179.892	0.000222075	0.0870003	0.025784	2067.71	0.00861291	0	0.993128	184.523	-0.0168591	0.08239	0.0241618	2239.62	-0.697758	0	0.485329	189.416	-0.00531758	0.0922858	0.0271178	2052.5	-0.196092	0	0.844538	193.931	0.018687	0.116699	0.0333865	1661.8	0.559717	0	0.575673
13	rs200363611	78474786	A	0.1	0.25	0.5	0.75	0.9	175.686	-3.18878	0.110982	0.0562362	1583.02	-56.7034	0	0	179.902	-1.20215	0.0860092	0.032455	2091.66	-37.0405	0	0	184.512	1.09498	0.0819709	0.239407	2250.95	4.57371	0	4.79287e-06	189.409	4.31076	0.0918224	0.120164	2062.78	35.8739	0	0	193.941	3.83392	0.116866	0.213694	1659.53	17.9412	0	0
13	rs74108874	99035411	T	0.1	0.25	0.5	0.75	0.9	175.695	-0.094389	0.111391	0.108506	1577.28	-0.869901	0	0.384355	179.894	0.0102211	0.0867372	0.0806298	2074.01	0.126766	0	0.899126	184.508	0.0865042	0.0821893	0.0907653	2244.92	0.953054	0	0.340563	189.399	0.0239815	0.091924	0.0982668	2060.38	0.244044	0	0.807197	193.933	-0.0218933	0.116924	0.111015	1658.62	-0.19721	0	0.843663
14	rs56778280	74050321	G	0.1	0.25	0.5	0.75	0.9	175.688	3.79355	0.11078	0.125798	1585.92	30.1559	0	0	179.898	0.990069	0.086453	0.269087	2080.88	3.67937	0	0.000233837	184.51	-0.98825	0.081872	0.0487489	2253.64	-20.2723	0	0	189.414	-1.34423	0.0919335	4.16857	2060.34	-0.322469	0	0.747098	193.953	0.151047	0.116505	0.056043	1664.76	2.6952	0	0.00703494
14	Affx-80249724	77765027	T	0.1	0.25	0.5	0.75	0.9	175.682	0.675891	0.110998	0.0364862	1582.75	18.5245	0	0	179.897	-0.158103	0.0866991	2.04698	2074.96	-0.0772372	0	0.938435	184.511	-1.75365	0.0820314	2.03544	2249.27	-0.861558	0	0.388931	189.411	-0.61011	0.0918311	3.83982	2062.6	-0.15889	0	0.873755	193.943	-0.768164	0.116608	0.190324	1663.2	-4.03609	0	5.43588e-05
14	rs10220397	100645881	G	0.1	0.25	0.5	0.75	0.9	175.723	-0.0539504	0.114357	0.0264974	1536.63	-2.03607	0	0.0417442	179.911	-0.00304948	0.0888217	0.0204418	2025.54	-0.149179	0	0.881413	184.525	0.00571272	0.0839469	0.01938	2198.12	0.294774	0	0.768166	189.428	-0.0147594	0.0940737	0.0213672	2013.61	-0.690749	0	0.489723	193.944	-0.0521363	0.119576	0.0266752	1621.94	-1.95449	0	0.0506442
14	rs3000073	105729792	A	0.1	0.25	0.5	0.75	0.9	175.697	-0.012012	0.112376	0.0239224	1563.48	-0.502125	0	0.61558	179.906	0.00229982	0.0873033	0.0184062	2060.7	0.124948	0	0.900565	184.499	0.0394103	0.0822546	0.0174032	2243.02	2.26455	0	0.0235408	189.398	0.0240833	0.0932181	0.0193938	2031.77	1.2418	0	0.21431	193.934	0.0252568	0.117993	0.0245549	1643.6	1.02858	0	0.303676
15	rs2271406	57744080	C	0.1	0.25	0.5	0.75	0.9	175.668	-0.0187292	0.112237	0.0315965	1565.15	-0.592762	0	0.553341	179.896	-0.0373545	0.086963	0.025346	2068.65	-1.47378	0	0.140541	184.525	-0.0303779	0.0821657	0.0245987	2245.76	-1.23494	0	0.216853	189.403	-0.0191004	0.0929927	0.0261908	2036.75	-0.729279	0	0.465831	193.954	-0.0284198	0.116996	0.0326342	1657.79	-0.870858	0	0.383832
16	Affx-92047296	75088102	C	0.1	0.25	0.5	0.75	0.9	175.912	-2.67918	0.114978	0.20244	1529.96	-13.2344	0	0	180.089	-0.858153	0.0916543	0.0681053	1964.88	-12.6004	0	0	184.652	-0.364654	0.0856511	0.405599	2155.87	-0.899049	0	0.368627	189.554	-1.3206	0.0967009	0.39118	1960.21	-3.37595	0	0.00073569	194.057	-2.59032	0.123587	0.974481	1570.2	-2.65815	0	0.00785729
16	rs76737866	82795099	G	0.1	0.25	0.5	0.75	0.9	175.907	0.0129595	0.11495	0.0549439	1530.3	0.235869	0	0.813535	180.094	0.0794686	0.0923302	0.045904	1950.54	1.73119	0	0.0834183	184.655	0.0121152	0.0856794	0.0414268	2155.18	0.292448	0	0.769944	189.553	0.0887857	0.0972858	0.0449036	1948.42	1.97725	0	0.0480136	194.056	0.0696232	0.123599	0.0640041	1570.04	1.08779	0	0.276687
16	rs78992608	9817002	C	0.1	0.25	0.5	0.75	0.9	175.683	0.0333309	0.11259	0.0692949	1560.38	0.481001	0	0.630516	179.888	0.0582679	0.087155	0.060074	2064	0.969935	0	0.332079	184.516	0.122729	0.0818044	0.0511842	2255.57	2.39779	0	0.0164945	189.418	0.0934378	0.0916918	0.0568763	2065.81	1.64282	0	0.10042	193.933	0.050047	0.116006	0.0716835	1671.75	0.698167	0	0.485073
16	rs80007751	15624663	T	0.1	0.25	0.5	0.75	0.9	175.694	0.0208715	0.112269	0.0352283	1564.94	0.592463	0	0.553541	179.91	-0.00302387	0.0870801	0.0266824	2066.02	-0.113328	0	0.90977	184.498	0.0527205	0.0822116	0.0255138	2244.19	2.06635	0	0.0387958	189.394	0.023484	0.0926509	0.0289532	2044.17	0.8111	0	0.417309	193.927	-0.00425814	0.117492	0.0360343	1650.56	-0.118169	0	0.905934
16	Affx-89026572	19566995	G	0.1	0.25	0.5	0.75	0.9	175.685	-1.24349	0.111425	0.0721903	1576.72	-17.2252	0	0	179.902	-1.40924	0.0864567	2.31528	2080.83	-0.608671	0	0.542743	184.517	-2.38516	0.0819844	4.89608	2250.63	-0.487156	0	0.626148	189.411	-2.08795	0.0918136	0.307353	2063	-6.79334	0	1.0969e-11	193.942	-3.3112	0.116645	0.180592	1662.67	-18.3352	0	0
17	rs76322678	33108398	T	0.1	0.25	0.5	0.75	0.9	175.68	0.268443	0.111629	0.0937198	1573.79	2.86431	0	0.00417935	179.905	0.0980553	0.0867463	0.0970249	2073.92	1.01062	0	0.312199	184.512	0.254296	0.0820233	0.101083	2249.51	2.51572	0	0.0118792	189.409	0.262476	0.0917751	0.108515	2063.84	2.41881	0	0.0155719	193.93	0.226233	0.116411	0.13202	1665.91	1.71362	0	0.0865991
17	Affx-89006390	39186076	T	0.1	0.25	0.5	0.75	0.9	173.865	-6.69342	0.361896	11.9332	480.428	-0.560907	0	0.574863	178.018	-3.63411	0.325023	0.182938	547.709	-19.8652	0	0	183.233	-2.65218	0.293715	0.573741	623.849	-4.6226	0	3.79898e-06	188.25	-2.21083	0.329879	0.133494	570.663	-16.5613	0	0	192.614	-4.42686	0.425451	9.65706	452.729	-0.458407	0	0.646662
17	rs201256089	71397190	A	0.1	0.25	0.5	0.75	0.9	175.686	-0.889561	0.111177	0.160612	1580.24	-5.53858	0	3.05087e-08	179.9	-1.1972	0.086537	0.883599	2078.88	-1.35492	0	0.175445	184.515	-0.929204	0.0819745	0.31813	2250.88	-2.92083	0	0.00349113	189.414	1.45522	0.0916533	0.123573	2066.63	11.7761	0	0	193.95	2.4464	0.116589	0.286874	1663.53	8.52779	0	0
17	rs7218561	14911293	A	0.1	0.25	0.5	0.75	0.9	175.693	-0.0284966	0.112202	0.0303447	1565.87	-0.939097	0	0.347682	179.912	-0.0429619	0.0866462	0.0236571	2076.4	-1.81602	0	0.0693674	184.524	-0.0306116	0.0820621	0.0227069	2248.6	-1.34812	0	0.177621	189.424	-0.0408885	0.091927	0.0249835	2060.59	-1.63662	0	0.10171	193.95	-0.0513805	0.116918	0.0317835	1658.85	-1.61658	0	0.10597
17	rs570145	18284262	G	0.1	0.25	0.5	0.75	0.9	175.551	0.127774	0.11247	0.0218626	1560.87	5.84441	0	5.08696e-09	179.835	0.0749932	0.0887883	0.0174713	2025.43	4.29237	0	1.76807e-05	184.455	0.0854745	0.0828151	0.0163925	2227.3	5.21425	0	1.84636e-07	189.333	0.0845191	0.092642	0.0181653	2043.71	4.65278	0	3.27583e-06	193.864	0.122056	0.116843	0.0228059	1659.18	5.35195	0	8.70517e-08
18	rs17797002	70568619	C	0.1	0.25	0.5	0.75	0.9	175.694	-0.0340906	0.111781	0.0244217	1571.77	-1.39591	0	0.162742	179.889	0.00421501	0.0876529	0.019751	2052.29	0.213408	0	0.831009	184.484	0.0214805	0.0824857	0.0184629	2236.56	1.16344	0	0.244652	189.377	0.018589	0.0931112	0.0207488	2033.88	0.895905	0	0.370304	193.915	0.0115309	0.118192	0.0254606	1640.67	0.452894	0	0.650625
18	rs79422952	6398451	A	0.1	0.25	0.5	0.75	0.9	175.68	0.0749858	0.111379	0.0836662	1577.32	0.896249	0	0.37012	179.897	0.0501112	0.0867351	0.0651773	2074.1	0.768844	0	0.441986	184.512	-0.0559679	0.0818404	0.0578925	2254.53	-0.966755	0	0.333667	189.413	-0.0165223	0.0920374	0.0591059	2058	-0.279537	0	0.779833	193.948	0.0444398	0.116668	0.0839162	1662.39	0.529573	0	0.596408
19	Affx-92043226	47228611	C	0.1	0.25	0.5	0.75	0.9	175.912	2.95333	0.112763	0.0408591	1560.01	72.2808	0	0	180.093	0.488755	0.0920782	1.76336	1955.87	0.277173	0	0.781648	184.657	1.50136	0.0857765	1.26014	2152.77	1.19142	0	0.233487	189.558	1.98077	0.0967745	3.54932	1958.76	0.558071	0	0.576796	194.074	3.67216	0.123211	0.0988746	1575.13	37.1395	0	0
19	rs4807919	6977211	A	0.1	0.25	0.5	0.75	0.9	175.658	0.0388812	0.112107	0.022432	1566.89	1.7333	0	0.0830438	179.884	0.0187904	0.0874922	0.017512	2056	1.073	0	0.28327	184.503	0.0236325	0.0824354	0.0167177	2238.16	1.41362	0	0.157475	189.39	0.0391443	0.093368	0.0185351	2028.42	2.1119	0	0.0346959	193.901	0.041885	0.117821	0.0235242	1645.72	1.78051	0	0.0749939
19	Affx-80259987	9639655	A	0.1	0.25	0.5	0.75	0.9	175.683	-1.68137	0.110604	0.0296094	1588.4	-56.7849	0	0	179.897	-1.5284	0.0864464	0.99735	2081.03	-1.53246	0	0.12541	184.512	-0.986198	0.0820005	0.700236	2250.13	-1.40838	0	0.159019	189.413	-0.492696	0.0917403	1.19536	2064.66	-0.412173	0	0.680213	193.942	-0.629576	0.116244	0.0674341	1668.4	-9.33617	0	0
19	Affx-15598013	15756618	G	0.1	0.25	0.5	0.75	0.9	175.686	1.67398	0.110794	0.0429569	1585.7	38.9688	0	0	179.901	1.3711	0.0863958	0.148547	2082.29	9.23008	0	0	184.515	1.04889	0.0820192	0.538777	2249.66	1.9468	0	0.051559	189.409	1.71323	0.0918845	3.5021	2061.39	0.4892	0	0.6247	193.944	0.0526839	0.116862	0.0945856	1659.6	0.556997	0	0.57753
2	rs11898850	73199619	A	0.1	0.25	0.5	0.75	0.9	175.689	-0.00149334	0.113835	0.0217662	1543.37	-0.0686082	0	0.945301	179.894	0.0019566	0.0881031	0.0170161	2041.85	0.114985	0	0.908457	184.497	0.0196653	0.0831208	0.0160754	2219.63	1.22332	0	0.221211	189.36	0.045533	0.0932862	0.0178236	2029.89	2.55464	0	0.01063	193.898	0.0195914	0.118378	0.0224283	1637.96	0.873514	0	0.382384
2	rs421468	150005013	T	0.1	0.25	0.5	0.75	0.9	175.674	-0.00700734	0.111735	0.0404351	1572.24	-0.173298	0	0.862417	179.895	0.00298244	0.0867438	0.0316063	2073.86	0.0943621	0	0.924822	184.514	-0.00544933	0.0822225	0.0305498	2244.08	-0.178375	0	0.858428	189.409	-0.0166982	0.0918327	0.0337935	2062.54	-0.494124	0	0.621219	193.953	-0.0138514	0.117067	0.0427593	1656.76	-0.323938	0	0.745985
2	rs114199078	161835648	T	0.1	0.25	0.5	0.75	0.9	175.694	-0.0680998	0.111374	0.0869065	1577.51	-0.783598	0	0.433277	179.907	-0.148048	0.0861696	0.0717854	2087.83	-2.06237	0	0.0391733	184.518	-0.0456068	0.082079	0.0623969	2248.06	-0.730915	0	0.464832	189.415	-0.0612805	0.0921003	0.0732827	2056.62	-0.836221	0	0.403031	193.944	-0.00679286	0.116804	0.0894117	1660.42	-0.0759729	0	0.939441
2	rs78866122	193475428	C	0.1	0.25	0.5	0.75	0.9	175.665	0.0572811	0.112709	0.0491006	1558.57	1.16661	0	0.243369	179.884	0.036691	0.0869159	0.0419753	2069.63	0.87411	0	0.382059	184.515	-0.031401	0.0819093	0.0376487	2252.67	-0.834052	0	0.404252	189.405	0.00807531	0.0919644	0.0445685	2059.55	0.181189	0	0.85622	193.946	-0.024902	0.116452	0.0489196	1665.46	-0.509039	0	0.610725
2	rs72989092	239089965	C	0.1	0.25	0.5	0.75	0.9	175.711	0.00217324	0.112244	0.0745706	1565.43	0.0291434	0	0.97675	179.925	-0.0319727	0.0868741	0.0521028	2071.1	-0.613647	0	0.539449	184.515	-0.0454848	0.0826264	0.056251	2233.13	-0.808605	0	0.418743	189.416	-0.0958203	0.0926154	0.0587538	2045.19	-1.63088	0	0.102917	193.927	-0.0702761	0.117112	0.076211	1655.91	-0.922125	0	0.356464
2	rs114846158	22672732	A	0.1	0.25	0.5	0.75	0.9	175.705	-0.0235503	0.112152	0.0775281	1566.68	-0.303765	0	0.761307	179.912	-0.0543274	0.08739	0.0662505	2058.73	-0.820029	0	0.4122	184.516	0.00314014	0.0825449	0.0606961	2235.34	0.0517354	0	0.95874	189.406	-0.0157055	0.0932131	0.0748254	2031.97	-0.209895	0	0.83375	193.953	-0.0218153	0.117514	0.0816495	1650.46	-0.267182	0	0.789329
20	rs77314901	22900228	G	0.1	0.25	0.5	0.75	0.9	175.678	0.0878552	0.112109	0.0664621	1567.03	1.32188	0	0.186208	179.895	0.00140546	0.0869482	0.058522	2068.99	0.024016	0	0.98084	184.5	0.0635702	0.082176	0.054073	2245.19	1.17564	0	0.23974	189.394	-0.0361111	0.0920223	0.0562405	2058.13	-0.642083	0	0.52082	193.921	-0.0275152	0.116289	0.0664124	1667.58	-0.414308	0	0.678649
21	rs200930080	43988553	A	0.1	0.25	0.5	0.75	0.9	175.713	1.95468	0.111973	0.142861	1569.25	13.6824	0	0	179.921	1.31471	0.0866136	0.0404461	2077.29	32.5052	0	0	184.538	0.748328	0.0821876	1.51987	2245.32	0.492363	0	0.622463	189.424	0.593754	0.0921371	0.154524	2055.9	3.84246	0	0.000121823	193.959	0.824537	0.116677	0.0447344	1662.36	18.4318	0	0
22	rs4605480	49876931	C	0.1	0.25	0.5	0.75	0.9	175.88	0.0200261	0.11668	0.0236096	1507.37	0.848217	0	0.396318	180.112	-0.0297327	0.0929846	0.0187956	1937.01	-1.5819	0	0.113673	184.66	-0.01148	0.0866716	0.0176561	2130.57	-0.650202	0	0.515562	189.547	0.00679574	0.0981645	0.019787	1930.92	0.343444	0	0.731264	194.039	0.0274817	0.123561	0.024504	1570.39	1.12152	0	0.262068
22	Affx-80265232	24581264	A	0.1	0.25	0.5	0.75	0.9	175.689	1.38347	0.110612	0.0327751	1588.33	42.2109	0	0	179.902	0.443852	0.086441	0.0595563	2081.21	7.45265	0	9.14824e-14	184.513	0.288513	0.0819342	1.51807	2251.97	0.190052	0	0.849268	189.414	0.488534	0.0917267	0.0646462	2064.99	7.55704	0	4.13003e-14	193.941	1.54015	0.116362	0.0951453	1666.71	16.1873	0	0
22	Affx-52363668	42416052	G	0.1	0.25	0.5	0.75	0.9	175.68	1.18285	0.109828	0.0300814	1599.58	39.3218	0	0	179.898	0.228956	0.086455	0.426721	2080.82	0.536547	0	0.591581	184.512	-0.303559	0.0820109	0.618677	2249.85	-0.490659	0	0.623668	189.41	-0.523721	0.0918097	0.530519	2063.07	-0.987185	0	0.323552	193.941	-0.893163	0.116066	0.0657335	1670.95	-13.5876	0	0
3	rs17232513	36097206	C	0.1	0.25	0.5	0.75	0.9	175.695	-0.0382545	0.112012	0.0367154	1568.54	-1.04192	0	0.297449	179.899	0.00552717	0.086711	0.0284801	2074.69	0.194071	0	0.84612	184.508	-0.00152113	0.0821179	0.0282237	2246.87	-0.0538954	0	0.957018	189.4	0.0180781	0.0921934	0.0294883	2054.38	0.61306	0	0.539837	193.916	0.0183634	0.116973	0.0378888	1657.79	0.484665	0	0.627914
3	Affx-92039652	46399093	A	0.1	0.25	0.5	0.75	0.9	175.909	1.64334	0.114583	0.0590112	1535.21	27.848	0	0	180.091	0.725948	0.0918549	1.11794	1960.6	0.649364	0	0.516103	184.651	1.14848	0.0854653	0.027404	2160.53	41.9093	0	0	189.553	1.84656	0.0967014	0.658824	1960.19	2.80281	0	0.00506621	194.067	2.46047	0.123747	0.0484688	1568.25	50.7639	0	0
3	rs74404080	7226908	G	0.1	0.25	0.5	0.75	0.9	175.692	0.013915	0.111797	0.0682698	1571.53	0.203824	0	0.838491	179.911	-0.0472918	0.086212	0.0503086	2086.85	-0.940033	0	0.347201	184.531	-0.0583473	0.0819263	0.0477122	2252.41	-1.2229	0	0.221367	189.406	-0.0758747	0.0919268	0.0564586	2060.4	-1.3439	0	0.178981	193.955	-0.0668887	0.116476	0.0685862	1665.19	-0.97525	0	0.329437
3	Affx-80222339	120352104	G	0.1	0.25	0.5	0.75	0.9	175.687	0.327346	0.111007	0.054567	1582.67	5.99897	0	1.98709e-09	179.9	-0.17791	0.0864971	1.57127	2079.84	-0.113227	0	0.909851	184.518	-0.238836	0.0819812	1.02084	2250.74	-0.23396	0	0.815016	189.413	-1.04574	0.0919338	1.25027	2060.32	-0.836408	0	0.402926	193.946	-1.11955	0.116204	0.0861056	1669	-13.002	0	0
3	rs9835244	158203794	C	0.1	0.25	0.5	0.75	0.9	175.761	-0.0696337	0.113486	0.0216367	1548.75	-3.21832	0	0.00128953	179.971	-0.0812866	0.0885708	0.0169602	2031.95	-4.79279	0	1.64524e-06	184.587	-0.0890203	0.0836631	0.0160393	2206.31	-5.55013	0	2.856e-08	189.486	-0.0790689	0.0928792	0.0176187	2040.14	-4.48779	0	7.19818e-06	194.05	-0.10444	0.118521	0.0222085	1637.27	-4.70271	0	2.56801e-06
4	rs116509023	29389468	A	0.1	0.25	0.5	0.75	0.9	175.697	0.0271038	0.112396	0.0692276	1563.2	0.391516	0	0.695416	179.907	0.0248783	0.0873728	0.0519263	2059.07	0.479108	0	0.631862	184.52	0.0282046	0.0827442	0.0455524	2230	0.619169	0	0.535805	189.413	0.0215872	0.0929169	0.055829	2038.52	0.386666	0	0.699004	193.931	0.0276027	0.117454	0.075199	1651.12	0.367062	0	0.713573
4	rs115257404	39431290	A	0.1	0.25	0.5	0.75	0.9	175.724	0.0260585	0.111961	0.109351	1569.51	0.238301	0	0.811648	179.903	0.00905137	0.0877007	0.0830093	2051.33	0.10904	0	0.91317	184.51	-0.0700967	0.0828373	0.0788996	2227.38	-0.888429	0	0.37431	189.421	-0.0460113	0.0926823	0.0850371	2043.77	-0.541074	0	0.588457	193.95	-0.0306806	0.117052	0.114463	1656.96	-0.268041	0	0.788668
4	rs11734330	88274740	G	0.1	0.25	0.5	0.75	0.9	175.675	-0.0223842	0.112972	0.028726	1555.03	-0.779232	0	0.435843	179.917	-0.0835212	0.0871816	0.0223226	2063.7	-3.74156	0	0.000182906	184.537	-0.0907338	0.0816786	0.0209857	2259.31	-4.32361	0	1.5353e-05	189.435	-0.0768391	0.092183	0.023956	2054.99	-3.20751	0	0.00133898	193.96	-0.0914997	0.116109	0.0300831	1670.51	-3.04157	0	0.00235363
4	rs17013182	88732874	G	0.1	0.25	0.5	0.75	0.9	175.687	-0.00494945	0.112306	0.0796735	1564.36	-0.0621216	0	0.950466	179.87	0.0803629	0.0876364	0.0556241	2052.46	1.44475	0	0.148529	184.528	0.0300979	0.0830457	0.0518877	2222.01	0.580058	0	0.561876	189.426	-0.036434	0.0929621	0.058567	2037.67	-0.622091	0	0.533882	193.984	-0.00289146	0.11812	0.0694052	1642.27	-0.0416606	0	0.966769
4	rs28463294	95684081	G	0.1	0.25	0.5	0.75	0.9	175.687	0.0985815	0.111172	0.116016	1580.32	0.849725	0	0.395478	179.885	0.17898	0.0868592	0.0797865	2071	2.24324	0	0.0248821	184.515	-0.0041858	0.082038	0.0778088	2249.14	-0.0537959	0	0.957098	189.409	-0.00521128	0.0918795	0.0831397	2061.5	-0.062681	0	0.950021	193.927	0.226414	0.116589	0.113231	1663.34	1.99959	0	0.0455456
5	rs6861345	129552816	G	0.1	0.25	0.5	0.75	0.9	175.663	0.0227403	0.113089	0.0245024	1553.32	0.928086	0	0.353363	179.88	0.0123197	0.0877531	0.019375	2049.84	0.635854	0	0.524872	184.516	-0.014137	0.0827167	0.0184219	2230.7	-0.767403	0	0.442843	189.402	0.00598018	0.0926713	0.0201888	2043.8	0.296214	0	0.767067	193.956	-0.0172694	0.117465	0.0251193	1651.18	-0.687495	0	0.491771
5	Affx-80274195	140772725	A	0.1	0.25	0.5	0.75	0.9	175.682	-2.09617	0.111194	8.72464	1579.96	-0.240258	0	0.81013	179.895	0.379862	0.0865749	0.112916	2077.91	3.3641	0	0.000767996	184.513	-1.45855	0.0819722	0.119788	2250.93	-12.1761	0	0	189.411	-0.580218	0.0918181	0.142824	2062.89	-4.06247	0	4.85639e-05	193.938	-1.53437	0.11673	6.04092	1661.42	-0.253997	0	0.799498
5	rs62342039	9366873	A	0.1	0.25	0.5	0.75	0.9	175.693	-0.0297552	0.111374	0.0519946	1577.5	-0.572276	0	0.567135	179.893	0.0440352	0.0869713	0.0402321	2068.42	1.09453	0	0.273724	184.507	0.0266539	0.0820848	0.0376484	2247.76	0.707969	0	0.478965	189.415	-0.00868505	0.0920034	0.0402861	2058.78	-0.215585	0	0.829312	193.941	-0.0198637	0.116805	0.0525036	1660.39	-0.37833	0	0.705185
5	rs72820052	172853099	C	0.1	0.25	0.5	0.75	0.9	175.647	0.0460749	0.113578	0.0238308	1546.49	1.93342	0	0.0531855	179.863	0.0641318	0.0882848	0.0185583	2037.3	3.4557	0	0.000548913	184.483	0.0512246	0.0819345	0.0172603	2251.59	2.96777	0	0.00299986	189.379	0.0313057	0.0925033	0.0192054	2047.27	1.63004	0	0.103093	193.919	0.0273952	0.117901	0.0240549	1644.77	1.13886	0	0.254761
5	rs78690792	175974383	A	0.1	0.25	0.5	0.75	0.9	175.685	0.000317296	0.111644	0.0269074	1573.62	0.0117921	0	0.990591	179.902	-0.0252526	0.0867852	0.020701	2072.96	-1.21987	0	0.222513	184.529	-0.02874	0.0820502	0.0194485	2248.97	-1.47775	0	0.139475	189.438	-0.0595541	0.0918801	0.0216313	2061.8	-2.75314	0	0.00590289	193.944	0.00425207	0.117182	0.0271636	1655.07	0.156536	0	0.875611
6	rs3873453	32683382	T	0.1	0.25	0.5	0.75	0.9	175.937	-1.82829	0.121435	0.0535719	1448.82	-34.1279	0	0	180.163	0.784115	0.0992674	4.5004	1814.92	0.174232	0	0.861683	184.678	1.89055	0.0907522	0.368791	2034.97	5.12634	0	2.95577e-07	189.564	2.89043	0.102376	2.67341	1851.65	1.08118	0	0.279619	194.076	0.459318	0.131834	0.0301692	1472.12	15.2247	0	0
6	Affx-52368820	39873371	CTGAT	0.1	0.25	0.5	0.75	0.9	175.68	1.01221	0.11039	0.0366317	1591.45	27.632	0	0	179.892	0.972845	0.0864867	0.0438254	2080	22.1982	0	0	184.509	1.19454	0.0820121	0.635255	2249.78	1.88041	0	0.0600533	189.413	1.89133	0.0917019	0.0484802	2065.53	39.0125	0	0	193.949	2.40527	0.116299	0.0424907	1667.67	56.6069	0	0
6	rs75332620	62679262	G	0.1	0.25	0.5	0.75	0.9	175.682	-0.00376386	0.111641	0.0548972	1573.63	-0.0685619	0	0.945338	179.896	0.0275246	0.0866709	0.0409077	2075.62	0.672848	0	0.501044	184.517	0.01572	0.0822291	0.0406948	2243.93	0.386291	0	0.699281	189.401	0.00911634	0.0921734	0.0450485	2054.84	0.202367	0	0.83963	193.94	-0.0118413	0.116625	0.052614	1662.94	-0.22506	0	0.821933
6	rs384105	95090000	A	0.1	0.25	0.5	0.75	0.9	175.649	0.0325742	0.114211	0.0218216	1537.94	1.49275	0	0.135504	179.885	0.0118261	0.0881986	0.0170408	2039.54	0.693983	0	0.487693	184.515	-0.00423365	0.0834504	0.0161455	2211.07	-0.262218	0	0.793153	189.399	0.00267825	0.0934115	0.0178336	2027.57	0.15018	0	0.880623	193.919	0.0193402	0.118757	0.022408	1632.9	0.863095	0	0.388085
6	Affx-92039201	7583088	T	0.1	0.25	0.5	0.75	0.9	175.912	2.68367	0.114263	0.105991	1539.53	25.3199	0	0	180.089	2.04182	0.0920291	1.69555	1956.87	1.20422	0	0.228505	184.654	0.912728	0.0855336	0.223863	2158.85	4.07718	0	4.5594e-05	189.554	0.581946	0.0966641	0.396151	1960.96	1.469	0	0.141834	194.07	-0.669272	0.1233	0.12542	1573.96	-5.33624	0	9.49392e-08
6	rs12212886	10490717	T	0.1	0.25	0.5	0.75	0.9	175.691	-0.038854	0.111412	0.0539321	1576.94	-0.720426	0	0.471263	179.893	0.0502655	0.0869929	0.0448081	2067.91	1.12179	0	0.26195	184.518	-0.0533956	0.0819352	0.0421713	2252	-1.26616	0	0.205457	189.409	-0.0508487	0.0919591	0.04348	2059.71	-1.16947	0	0.242214	193.953	-0.0701607	0.117176	0.0604036	1655.22	-1.16153	0	0.245426
6	Affx-80294069	143823541	CT	0.1	0.25	0.5	0.75	0.9	175.681	-2.376	0.111093	0.15349	1581.39	-15.4798	0	0	179.898	-1.33044	0.0865195	1.47835	2079.28	-0.899951	0	0.368147	184.512	-0.436233	0.082002	0.586614	2250.09	-0.743645	0	0.457091	189.399	-0.160523	0.0922831	0.476461	2052.37	-0.336906	0	0.736188	193.938	0.705143	0.116596	0.0432722	1663.34	16.2955	0	0
7	rs73102679	45755882	G	0.1	0.25	0.5	0.75	0.9	175.688	-0.0645508	0.111423	0.0588651	1576.77	-1.09659	0	0.272822	179.902	-0.0119743	0.0866368	0.0479267	2076.5	-0.249847	0	0.802706	184.525	-0.0515487	0.0821967	0.0440042	2244.92	-1.17145	0	0.241419	189.41	-0.0653138	0.0923024	0.0493793	2052.06	-1.3227	0	0.185937	193.948	-0.0540747	0.116909	0.0657345	1658.97	-0.822623	0	0.410723
7	rs12534337	102111980	T	0.1	0.25	0.5	0.75	0.9	175.686	0.0429404	0.111628	0.0503039	1573.85	0.85362	0	0.393316	179.895	0.0443219	0.0870465	0.0384904	2066.66	1.1515	0	0.249525	184.489	0.11619	0.0815303	0.0362397	2262.83	3.20615	0	0.00134533	189.384	0.181317	0.0918958	0.0398976	2060.85	4.54455	0	5.50651e-06	193.919	0.164081	0.116772	0.0516969	1660.66	3.1739	0	0.00150415
7	Affx-80275820	5103696	A	0.1	0.25	0.5	0.75	0.9	175.687	-0.0491442	0.111178	0.0427377	1580.23	-1.1499	0	0.250184	179.901	0.421363	0.0865563	0.630985	2078.43	0.667786	0	0.50427	184.517	0.00880367	0.0819348	4.78231	2252	0.00184088	0	0.998531	189.414	-1.64546	0.0920412	6.29826	2057.93	-0.261257	0	0.793895	193.946	1.41926	0.11672	0.079876	1661.63	17.7683	0	0
7	rs74622850	10476795	G	0.1	0.25	0.5	0.75	0.9	175.694	-0.0819525	0.112882	0.0523199	1556.43	-1.56637	0	0.117262	179.902	-0.0651161	0.0861721	0.0409316	2087.71	-1.59085	0	0.111644	184.515	-0.00864616	0.082198	0.0378501	2244.76	-0.228432	0	0.819311	189.405	-0.0379413	0.0919844	0.0410762	2059.09	-0.923681	0	0.355653	193.949	-0.0523652	0.116697	0.0531022	1661.99	-0.986121	0	0.324074
7	rs10278268	23802003	A	0.1	0.25	0.5	0.75	0.9	175.698	-0.0377176	0.113323	0.0240143	1550.42	-1.57063	0	0.116268	179.931	-0.0725529	0.0876128	0.0187614	2053.7	-3.86714	0	0.000110134	184.539	-0.0535525	0.0823253	0.0178529	2241.58	-2.99965	0	0.00270304	189.43	-0.0512519	0.093225	0.0198902	2031.97	-2.57674	0	0.00997396	193.977	-0.0832646	0.117458	0.0249152	1651.46	-3.34192	0	0.000832073
8	rs192475851	38713874	G	0.1	0.25	0.5	0.75	0.9	175.681	-0.117228	0.111361	0.156651	1577.58	-0.748337	0	0.454257	179.897	-0.17471	0.086281	0.107294	2085.01	-1.62833	0	0.103456	184.521	-0.165975	0.0818549	0.100151	2254.24	-1.65724	0	0.0974718	189.41	-0.171949	0.0917451	0.0882678	2064.52	-1.94803	0	0.0514116	193.941	0.029582	0.116761	0.148681	1661.02	0.198962	0	0.842292
8	Affx-80234908	57358423	T	0.1	0.25	0.5	0.75	0.9	175.685	1.68379	0.111315	2.52812	1578.27	0.666025	0	0.505396	179.899	0.450665	0.0862922	0.0792522	2084.77	5.68646	0	1.2977e-08	184.515	0.848478	0.0818973	0.0987121	2253	8.59548	0	0	189.414	2.61498	0.0918751	0.307828	2061.65	8.49492	0	0	193.944	1.53707	0.116462	4.58663	1665.29	0.335121	0	0.737534
8	rs16932662	67127374	G	0.1	0.25	0.5	0.75	0.9	175.685	-0.0428901	0.111472	0.0986039	1576.04	-0.434974	0	0.663582	179.9	-0.065693	0.0865454	0.0707818	2078.68	-0.928106	0	0.353353	184.508	0.062409	0.0822163	0.075505	2244.18	0.826555	0	0.40849	189.401	0.107738	0.0918934	0.0796411	2061.09	1.3528	0	0.176121	193.939	-0.0512103	0.116758	0.104842	1661.02	-0.488453	0	0.625229
8	rs75216611	73404276	A	0.1	0.25	0.5	0.75	0.9	175.686	-0.0263012	0.111292	0.0724822	1578.61	-0.362865	0	0.716706	179.9	-0.0323882	0.086559	0.0562761	2078.35	-0.575524	0	0.564937	184.516	-0.00476143	0.0820382	0.0536447	2249.15	-0.0887586	0	0.929274	189.407	0.0417343	0.091778	0.0642599	2063.76	0.649461	0	0.51604	193.939	0.0510188	0.116763	0.0774214	1660.97	0.658976	0	0.509911
8	rs78741526	129379187	C	0.1	0.25	0.5	0.75	0.9	175.69	-0.0717349	0.111292	0.0757958	1578.64	-0.946423	0	0.343933	179.894	0.00534147	0.0867247	0.0576723	2074.31	0.0926176	0	0.926207	184.51	0.0597389	0.0819693	0.0482669	2250.96	1.23768	0	0.215836	189.406	0.0280083	0.0919415	0.0555025	2060.07	0.50463	0	0.613819	193.953	-0.0548257	0.116379	0.0601836	1666.56	-0.910975	0	0.362309
8	rs72717400	133192835	G	0.1	0.25	0.5	0.75	0.9	175.721	0.00562843	0.112203	0.0724639	1566.09	0.0776722	0	0.938089	179.902	0.044777	0.087318	0.0545313	2060.31	0.821125	0	0.411575	184.508	0.0229264	0.0824774	0.05221	2237.07	0.43912	0	0.660575	189.4	0.060912	0.0927611	0.058138	2041.81	1.04771	0	0.294771	193.917	0.0581539	0.116658	0.0663367	1662.27	0.876648	0	0.380678
8	rs78577081	6896302	A	0.1	0.25	0.5	0.75	0.9	175.689	-0.0512066	0.11185	0.0377314	1570.76	-1.35713	0	0.174739	179.904	-0.0179257	0.0865261	0.0309808	2079.19	-0.578607	0	0.562855	184.52	-0.000672026	0.0821052	0.028908	2247.37	-0.023247	0	0.981453	189.417	0.00912533	0.0920247	0.0340639	2058.33	0.267889	0	0.788785	193.954	0.00379496	0.117163	0.0393345	1655.42	0.0964794	0	0.92314
8	rs79673068	18621009	T	0.1	0.25	0.5	0.75	0.9	175.709	-0.0599843	0.113951	0.0447347	1541.97	-1.34089	0	0.179957	179.895	-0.0322729	0.0883409	0.0342603	2036.37	-0.941992	0	0.346197	184.506	-0.0430888	0.0835858	0.033396	2207.38	-1.29024	0	0.196969	189.385	-0.0557659	0.0939143	0.0379563	2016.57	-1.46921	0	0.141775	193.89	-0.0187674	0.119061	0.0435943	1628.49	-0.430501	0	0.666831
8	rs4401880	19946066	C	0.1	0.25	0.5	0.75	0.9	175.667	0.034692	0.112252	0.032104	1564.93	1.08062	0	0.279869	179.899	0.0256302	0.0870205	0.0243022	2067.32	1.05464	0	0.291588	184.513	0.00314423	0.0823381	0.0234117	2240.92	0.134301	0	0.893164	189.409	0.00693128	0.0922999	0.0260396	2052.1	0.266182	0	0.790099	193.944	0.00942784	0.116457	0.0331566	1665.38	0.284342	0	0.776148
9	rs10868093	72420921	T	0.1	0.25	0.5	0.75	0.9	175.681	0.00364941	0.112158	0.0286632	1566.38	0.12732	0	0.898687	179.895	-0.00678305	0.0872104	0.0226248	2062.77	-0.299805	0	0.764326	184.507	0.00244417	0.0823852	0.021361	2239.57	0.114422	0	0.908903	189.414	-0.0454795	0.092051	0.0237026	2057.71	-1.91875	0	0.0550163	193.926	0.0294032	0.117447	0.0301786	1651.18	0.974308	0	0.329904
9	rs117315282	2928555	A	0.1	0.25	0.5	0.75	0.9	175.688	0.0402452	0.111484	0.0713301	1575.91	0.564211	0	0.572611	179.9	0.0356435	0.0865455	0.0591121	2078.67	0.602982	0	0.546521	184.513	0.0572206	0.0820512	0.0527298	2248.76	1.08517	0	0.277849	189.414	-0.036136	0.0918607	0.0468796	2061.97	-0.770825	0	0.440811	193.952	-0.103521	0.116407	0.077143	1666.15	-1.34194	0	0.179615
9	rs140977740	99521364	T	0.1	0.25	0.5	0.75	0.9	175.686	0.313683	0.110794	0.0945974	1585.7	3.31597	0	0.000913315	179.898	-0.850824	0.0866461	0.942604	2076.23	-0.902632	0	0.366722	184.51	-0.708548	0.0820089	1.28898	2249.88	-0.549697	0	0.582527	189.412	-1.79861	0.0916922	0.12322	2065.74	-14.5967	0	0	193.943	-1.84372	0.115773	0.0416513	1675.2	-44.2657	0	0
9	rs73509967	111128714	C	0.1	0.25	0.5	0.75	0.9	175.683	0.0805301	0.111717	0.0986506	1572.58	0.816316	0	0.41432	179.901	0.0335501	0.0867083	0.0830382	2074.79	0.404032	0	0.686189	184.512	0.100796	0.0820646	0.082024	2248.37	1.22886	0	0.219125	189.403	0.0893959	0.0919012	0.0809465	2060.94	1.10438	0	0.269428	193.936	-0.0636876	0.116599	0.126112	1663.27	-0.505007	0	0.613554
9	rs4076173	137517022	A	0.1	0.25	0.5	0.75	0.9	175.718	-0.0285968	0.112864	0.0229681	1556.89	-1.24507	0	0.213108	179.894	-0.0102796	0.0877783	0.0181043	2049.42	-0.567798	0	0.570173	184.499	0.0190633	0.0826756	0.0170346	2231.6	1.11909	0	0.263102	189.416	-0.0140768	0.0927978	0.0186815	2041.16	-0.753515	0	0.451141	193.948	0.00144372	0.117892	0.0236156	1645.13	0.0611339	0	0.951253
23	rs73190746	6771633	A	0.1	0.25	0.5	0.75	0.9	175.694	-0.00867426	0.111195	0.0298226	1580.06	-0.290862	0	0.771157	179.927	-0.043205	0.0866673	0.0233692	2076.07	-1.8488	0	0.0644868	184.535	-0.0206851	0.0820006	0.0222833	2250.41	-0.928278	0	0.353264	189.425	-0.0309195	0.0920498	0.0247961	2057.85	-1.24695	0	0.212417	193.941	0.00102732	0.11728	0.0280853	1653.65	0.0365785	0	0.970821
23	rs11092279	100009657	C	0.1	0.25	0.5	0.75	0.9	175.665	0.0314443	0.112724	0.0184368	1558.37	1.70552	0	0.0880985	179.856	0.0262872	0.0878227	0.0144319	2047.95	1.82146	0	0.0685372	184.498	0.0198336	0.082467	0.0135888	2237.23	1.45955	0	0.144413	189.375	0.0323524	0.0931306	0.0151629	2033.44	2.13366	0	0.0328715	193.908	0.0289673	0.117465	0.0189267	1650.77	1.5305	0	0.125894
23	rs200616257	105189958	C	0.1	0.25	0.5	0.75	0.9	175.702	0.0920561	0.111349	0.123962	1577.95	0.742615	0	0.457715	179.905	-0.275933	0.0868345	0.406268	2071.81	-0.67919	0	0.497018	184.529	-0.589738	0.0821653	0.216532	2245.83	-2.72356	0	0.00645844	189.422	-0.486792	0.0919785	0.271388	2059.42	-1.79371	0	0.07286	193.936	-0.867793	0.115597	0.0184092	1677.7	-47.139	0	0
23	rs1396305	42846322	A	0.1	0.25	0.5	0.75	0.9	175.677	-0.0218077	0.116873	0.0197255	1503.15	-1.10556	0	0.268919	179.89	-0.0106514	0.0901843	0.0152754	1994.69	-0.697291	0	0.485621	184.521	-0.0179048	0.0852732	0.0146652	2163.88	-1.2209	0	0.222123	189.42	0.00700331	0.0958235	0.0162802	1976.75	0.430173	0	0.66707	193.913	0.0222461	0.121097	0.0203	1601.31	1.09587	0	0.273136
23	rs34953337	54424534	G	0.1	0.25	0.5	0.75	0.9	175.761	-0.0310791	0.114229	0.0374054	1538.68	-0.830873	0	0.406046	179.949	-0.00409764	0.0891155	0.0312688	2019.28	-0.131045	0	0.895739	184.548	-0.0415671	0.083564	0.0290682	2208.46	-1.42998	0	0.152722	189.451	-0.0131473	0.0943725	0.0313805	2007.48	-0.418964	0	0.675243	193.935	-0.00372036	0.120414	0.041233	1610.57	-0.0902276	0	0.928106
23	rs17216225	64230907	C	0.1	0.25	0.5	0.75	0.9	175.683	-0.00862159	0.111537	0.0228657	1575.11	-0.377054	0	0.706133	179.899	-0.00249673	0.0867783	0.0184792	2073.09	-0.13511	0	0.892525	184.529	-0.0289252	0.0815739	0.0170813	2262.11	-1.69338	0	0.090384	189.429	-0.0208287	0.0927355	0.0194181	2042.68	-1.07264	0	0.283433	193.927	-0.00715271	0.117068	0.0238547	1656.53	-0.299845	0	0.764296
